trip_date,n_trips
2017-01-01,487
2017-01-02,775
2017-01-03,918
2017-01-04,1359
2017-01-05,1202
2017-01-06,1189
2017-01-07,632
2017-01-08,477
2017-01-09,1269
2017-01-10,622
2017-01-11,1637
2017-01-12,1826
2017-01-13,1747
2017-01-14,838
2017-01-15,741
2017-01-16,1741
2017-01-17,1012
2017-01-18,1865
2017-01-19,2110
2017-01-20,2069
2017-01-21,1419
2017-01-22,1021
2017-01-23,1838
2017-01-24,1950
2017-01-25,2167
2017-01-26,1555
2017-01-27,1926
2017-01-28,870
2017-01-29,766
2017-01-30,1534
2017-01-31,1752
2017-02-01,1632
2017-02-02,1799
2017-02-03,1599
2017-02-04,842
2017-02-05,709
2017-02-06,1714
2017-02-07,1219
2017-02-08,1639
2017-02-09,1636
2017-02-10,1206
2017-02-11,643
2017-02-12,284
2017-02-13,835
2017-02-14,1471
2017-02-15,1659
2017-02-16,1561
2017-02-17,1611
2017-02-18,1402
2017-02-19,1681
2017-02-20,1109
2017-02-21,1679
2017-02-22,2216
2017-02-23,2782
2017-02-24,1739
2017-02-25,1342
2017-02-26,979
2017-02-27,2129
2017-02-28,2509
2017-03-01,2013
2017-03-02,1844
2017-03-03,1628
2017-03-04,830
2017-03-05,725
2017-03-06,2055
2017-03-07,1434
2017-03-08,2276
2017-03-09,2245
2017-03-10,1758
2017-03-11,727
2017-03-12,655
2017-03-13,1051
2017-03-14,561
2017-03-15,867
2017-03-16,1563
2017-03-17,1962
2017-03-18,829
2017-03-19,1123
2017-03-20,2131
2017-03-21,2772
2017-03-22,1761
2017-03-23,2050
2017-03-24,1852
2017-03-25,936
2017-03-26,885
2017-03-27,2171
2017-03-28,2751
2017-03-29,2765
2017-03-30,2110
2017-03-31,853
2017-04-01,1442
2017-04-02,2257
2017-04-03,2398
2017-04-04,1195
2017-04-05,2852
2017-04-06,1135
2017-04-07,1597
2017-04-08,2457
2017-04-09,2426
2017-04-10,3236
2017-04-11,3657
2017-04-12,3075
2017-04-13,3334
2017-04-14,3138
2017-04-15,1821
2017-04-16,2590
2017-04-17,3041
2017-04-18,3121
2017-04-19,3018
2017-04-20,1900
2017-04-21,2841
2017-04-22,2780
2017-04-23,3191
2017-04-24,3391
2017-04-25,2163
2017-04-26,3390
2017-04-27,3906
2017-04-28,3433
2017-04-29,2834
2017-04-30,1407
2017-05-01,1411
2017-05-02,2606
2017-05-03,3885
2017-05-04,2301
2017-05-05,658
2017-05-06,1558
2017-05-07,2064
2017-05-08,3325
2017-05-09,3724
2017-05-10,3665
2017-05-11,3675
2017-05-12,3880
2017-05-13,3089
2017-05-14,2409
2017-05-15,4139
2017-05-16,3879
2017-05-17,4743
2017-05-18,4651
2017-05-19,4236
2017-05-20,3422
2017-05-21,1387
2017-05-22,2780
2017-05-23,4308
2017-05-24,4740
2017-05-25,1431
2017-05-26,3955
2017-05-27,4081
2017-05-28,4826
2017-05-29,4798
2017-05-30,4130
2017-05-31,4969
2017-06-01,5101
2017-06-02,5196
2017-06-03,5040
2017-06-04,3241
2017-06-05,4224
2017-06-06,3052
2017-06-07,5168
2017-06-08,5590
2017-06-09,5625
2017-06-10,5126
2017-06-11,4839
2017-06-12,5241
2017-06-13,5276
2017-06-14,6094
2017-06-15,5213
2017-06-16,5606
2017-06-17,4511
2017-06-18,3859
2017-06-19,5511
2017-06-20,5462
2017-06-21,5685
2017-06-22,5556
2017-06-23,3881
2017-06-24,6012
2017-06-25,4256
2017-06-26,4662
2017-06-27,4833
2017-06-28,6029
2017-06-29,4735
2017-06-30,4978
2017-07-01,5181
2017-07-02,5799
2017-07-03,6527
2017-07-04,6782
2017-07-05,9569
2017-07-06,7235
2017-07-07,6121
2017-07-08,6445
2017-07-09,5075
2017-07-10,6316
2017-07-11,7152
2017-07-12,9058
2017-07-13,5332
2017-07-14,6691
2017-07-15,7424
2017-07-16,5473
2017-07-17,6451
2017-07-18,7287
2017-07-19,10963
2017-07-20,6511
2017-07-21,6958
2017-07-22,4861
2017-07-23,5268
2017-07-24,6377
2017-07-25,7233
2017-07-26,10739
2017-07-27,6285
2017-07-28,7527
2017-07-29,7478
2017-07-30,6495
2017-07-31,6991
2017-08-01,6998
2017-08-02,7482
2017-08-03,7170
2017-08-04,4646
2017-08-05,5605
2017-08-06,6344
2017-08-07,4310
2017-08-08,7522
2017-08-09,7878
2017-08-10,8174
2017-08-11,7035
2017-08-12,6441
2017-08-13,7466
2017-08-14,7650
2017-08-15,7612
2017-08-16,8358
2017-08-17,5214
2017-08-18,7656
2017-08-19,7040
2017-08-20,7844
2017-08-21,8137
2017-08-22,7160
2017-08-23,8503
2017-08-24,7737
2017-08-25,8064
2017-08-26,7823
2017-08-27,6661
2017-08-28,7243
2017-08-29,8161
2017-08-30,7886
2017-08-31,7658
2017-09-01,6829
2017-09-02,6668
2017-09-03,5722
2017-09-04,6631
2017-09-05,6582
2017-09-06,7823
2017-09-07,6619
2017-09-08,7716
2017-09-09,6784
2017-09-10,6701
2017-09-11,7795
2017-09-12,8231
2017-09-13,8440
2017-09-14,8303
2017-09-15,8668
2017-09-16,7863
2017-09-17,7711
2017-09-18,7943
2017-09-19,8296
2017-09-20,8670
2017-09-21,8744
2017-09-22,8881
2017-09-23,7959
2017-09-24,6908
2017-09-25,7890
2017-09-26,8419
2017-09-27,8298
2017-09-28,7680
2017-09-29,5933
2017-09-30,5699
2017-10-01,5944
2017-10-02,7167
2017-10-03,7639
2017-10-04,6982
2017-10-05,7886
2017-10-06,7320
2017-10-07,5097
2017-10-08,5447
2017-10-09,4042
2017-10-10,7620
2017-10-11,4889
2017-10-12,6201
2017-10-13,6782
2017-10-14,4021
2017-10-15,3252
2017-10-16,6002
2017-10-17,6910
2017-10-18,7254
2017-10-19,7373
2017-10-20,7757
2017-10-21,6586
2017-10-22,6736
2017-10-23,5154
2017-10-24,6447
2017-10-25,6377
2017-10-26,6213
2017-10-27,6425
2017-10-28,2132
2017-10-29,3375
2017-10-30,5210
2017-10-31,5336
2017-11-01,4801
2017-11-02,4557
2017-11-03,5737
2017-11-04,3121
2017-11-05,1638
2017-11-06,4996
2017-11-07,5282
2017-11-08,5265
2017-11-09,4432
2017-11-10,3051
2017-11-11,2138
2017-11-12,2254
2017-11-13,3936
2017-11-14,4967
2017-11-15,4699
2017-11-16,4394
2017-11-17,4241
2017-11-18,1605
2017-11-19,2194
2017-11-20,4255
2017-11-21,4890
2017-11-22,4307
2017-11-23,4288
2017-11-24,4803
2017-11-25,2725
2017-11-26,2118
2017-11-27,4091
2017-11-28,5194
2017-11-29,4676
2017-11-30,4058
2017-12-01,4469
2017-12-02,2786
2017-12-03,2624
2017-12-04,4327
2017-12-05,3892
2017-12-06,3931
2017-12-07,3779
2017-12-08,3358
2017-12-09,2077
2017-12-10,1502
2017-12-11,2300
2017-12-12,1519
2017-12-13,1835
2017-12-14,2019
2017-12-15,1741
2017-12-16,1078
2017-12-17,835
2017-12-18,1680
2017-12-19,3236
2017-12-20,3009
2017-12-21,2620
2017-12-22,725
2017-12-23,450
2017-12-24,424
2017-12-25,115
2017-12-26,263
2017-12-27,641
2017-12-28,640
2017-12-29,446
2017-12-30,412
2017-12-31,383
2018-01-01,246
2018-01-02,957
2018-01-03,1185
2018-01-04,1172
2018-01-05,785
2018-01-06,398
2018-01-07,528
2018-01-08,1017
2018-01-09,1899
2018-01-10,1886
2018-01-11,1784
2018-01-12,748
2018-01-13,515
2018-01-14,661
2018-01-15,1285
2018-01-16,1443
2018-01-17,1680
2018-01-18,1855
2018-01-19,2150
2018-01-20,1551
2018-01-21,1349
2018-01-22,1401
2018-01-23,2527
2018-01-24,2258
2018-01-25,2281
2018-01-26,2667
2018-01-27,1481
2018-01-28,1657
2018-01-29,1728
2018-01-30,1238
2018-01-31,1527
2018-02-01,2181
2018-02-02,1674
2018-02-03,917
2018-02-04,558
2018-02-05,1448
2018-02-06,1937
2018-02-07,736
2018-02-08,1333
2018-02-09,932
2018-02-10,335
2018-02-11,369
2018-02-12,1487
2018-02-13,1766
2018-02-14,2308
2018-02-15,2423
2018-02-16,2259
2018-02-17,1054
2018-02-18,1257
2018-02-19,775
2018-02-20,1926
2018-02-21,2045
2018-02-22,2636
2018-02-23,2269
2018-02-24,1870
2018-02-25,2049
2018-02-26,3371
2018-02-27,3907
2018-02-28,3909
2018-03-01,3288
2018-03-02,2456
2018-03-03,2353
2018-03-04,1780
2018-03-05,3018
2018-03-06,2941
2018-03-07,3429
2018-03-08,3193
2018-03-09,3123
2018-03-10,1988
2018-03-11,1878
2018-03-12,2866
2018-03-13,2841
2018-03-14,2905
2018-03-15,3021
2018-03-16,2580
2018-03-17,2094
2018-03-18,2083
2018-03-19,2850
2018-03-20,3282
2018-03-21,3473
2018-03-22,3411
2018-03-23,3321
2018-03-24,2314
2018-03-25,1941
2018-03-26,3561
2018-03-27,2429
2018-03-28,4015
2018-03-29,2190
2018-03-30,2318
2018-03-31,2027
2018-04-01,1809
2018-04-02,3319
2018-04-03,2739
2018-04-04,2695
2018-04-05,3352
2018-04-06,2741
2018-04-07,2111
2018-04-08,1858
2018-04-09,3615
2018-04-10,3773
2018-04-11,3276
2018-04-12,3332
2018-04-13,2801
2018-04-14,413
2018-04-15,107
2018-04-16,541
2018-04-17,2166
2018-04-18,3205
2018-04-19,3384
2018-04-20,3956
2018-04-21,4201
2018-04-22,5002
2018-04-23,5306
2018-04-24,4375
2018-04-25,1572
2018-04-26,5612
2018-04-27,5594
2018-04-28,1983
2018-04-29,3596
2018-04-30,6348
2018-05-01,7209
2018-05-02,7382
2018-05-03,4163
2018-05-04,4486
2018-05-05,6770
2018-05-06,4457
2018-05-07,6872
2018-05-08,7688
2018-05-09,7876
2018-05-10,5837
2018-05-11,6024
2018-05-12,4906
2018-05-13,5906
2018-05-14,7379
2018-05-15,5071
2018-05-16,7638
2018-05-17,7947
2018-05-18,6932
2018-05-19,2690
2018-05-20,6539
2018-05-21,7265
2018-05-22,5327
2018-05-23,8426
2018-05-24,8744
2018-05-25,8827
2018-05-26,8199
2018-05-27,9088
2018-05-28,8547
2018-05-29,8794
2018-05-30,8787
2018-05-31,6974
2018-06-01,8344
2018-06-02,7811
2018-06-03,5110
2018-06-04,7336
2018-06-05,7437
2018-06-06,10221
2018-06-07,8796
2018-06-08,8798
2018-06-09,8336
2018-06-10,7853
2018-06-11,8325
2018-06-12,8697
2018-06-13,9351
2018-06-14,9252
2018-06-15,9373
2018-06-16,8882
2018-06-17,7055
2018-06-18,7321
2018-06-19,9354
2018-06-20,13303
2018-06-21,9720
2018-06-22,8526
2018-06-23,4266
2018-06-24,3723
2018-06-25,9455
2018-06-26,9551
2018-06-27,9160
2018-06-28,9464
2018-06-29,9113
2018-06-30,6905
2018-07-01,7405
2018-07-02,6648
2018-07-03,9332
2018-07-04,10273
2018-07-05,8125
2018-07-06,9964
2018-07-07,9428
2018-07-08,9256
2018-07-09,9480
2018-07-10,9723
2018-07-11,10271
2018-07-12,10304
2018-07-13,9710
2018-07-14,7552
2018-07-15,8604
2018-07-16,7793
2018-07-17,10324
2018-07-18,10970
2018-07-19,10743
2018-07-20,10452
2018-07-21,9354
2018-07-22,4585
2018-07-23,9020
2018-07-24,8866
2018-07-25,10365
2018-07-26,9064
2018-07-27,10233
2018-07-28,8963
2018-07-29,9093
2018-07-30,9979
2018-07-31,10437
2018-08-01,9859
2018-08-02,10179
2018-08-03,9597
2018-08-04,9364
2018-08-05,8349
2018-08-06,5963
2018-08-07,9256
2018-08-08,5882
2018-08-09,9645
2018-08-10,10492
2018-08-11,10134
2018-08-12,9532
2018-08-13,10077
2018-08-14,10589
2018-08-15,10106
2018-08-16,9634
2018-08-17,6948
2018-08-18,9111
2018-08-19,9470
2018-08-20,10076
2018-08-21,4645
2018-08-22,9101
2018-08-23,10315
2018-08-24,10314
2018-08-25,6773
2018-08-26,8311
2018-08-27,7945
2018-08-28,9796
2018-08-29,10097
2018-08-30,9781
2018-08-31,9878
2018-09-01,9494
2018-09-02,8580
2018-09-03,8845
2018-09-04,9713
2018-09-05,9665
2018-09-06,9949
2018-09-07,10162
2018-09-08,7938
2018-09-09,5672
2018-09-10,1851
2018-09-11,9472
2018-09-12,9917
2018-09-13,10013
2018-09-14,10026
2018-09-15,9630
2018-09-16,9170
2018-09-17,9939
2018-09-18,10683
2018-09-19,9989
2018-09-20,9235
2018-09-21,8736
2018-09-22,7205
2018-09-23,7484
2018-09-24,8247
2018-09-25,5765
2018-09-26,8802
2018-09-27,8875
2018-09-28,8313
2018-09-29,6833
2018-09-30,4798
2018-10-01,4874
2018-10-02,4173
2018-10-03,7966
2018-10-04,7981
2018-10-05,6948
2018-10-06,3646
2018-10-07,3153
2018-10-08,3668
2018-10-09,9455
2018-10-10,9827
2018-10-11,8443
2018-10-12,6918
2018-10-13,4687
2018-10-14,5131
2018-10-15,5060
2018-10-16,6223
2018-10-17,6184
2018-10-18,5961
2018-10-19,6491
2018-10-20,4622
2018-10-21,3735
2018-10-22,6577
2018-10-23,5449
2018-10-24,6258
2018-10-25,6190
2018-10-26,5903
2018-10-27,2156
2018-10-28,2411
2018-10-29,5164
2018-10-30,6590
2018-10-31,4035
2018-11-01,3165
2018-11-02,3714
2018-11-03,3305
2018-11-04,3384
2018-11-05,4512
2018-11-06,4375
2018-11-07,5101
2018-11-08,4974
2018-11-09,2421
2018-11-10,2312
2018-11-11,2462
2018-11-12,4638
2018-11-13,4697
2018-11-14,4559
2018-11-15,3088
2018-11-16,2538
2018-11-17,2308
2018-11-18,2176
2018-11-19,4640
2018-11-20,4073
2018-11-21,3621
2018-11-22,3218
2018-11-23,3991
2018-11-24,1593
2018-11-25,2478
2018-11-26,1325
2018-11-27,3468
2018-11-28,3918
2018-11-29,4288
2018-11-30,3945
2018-12-01,2197
2018-12-02,2227
2018-12-03,3537
2018-12-04,4121
2018-12-05,4138
2018-12-06,3895
2018-12-07,3267
2018-12-08,1819
2018-12-09,1844
2018-12-10,3980
2018-12-11,3649
2018-12-12,3813
2018-12-13,3771
2018-12-14,3111
2018-12-15,2556
2018-12-16,2138
2018-12-17,3853
2018-12-18,3902
2018-12-19,4149
2018-12-20,3949
2018-12-21,3124
2018-12-22,1683
2018-12-23,1408
2018-12-24,1451
2018-12-25,608
2018-12-26,1147
2018-12-27,1743
2018-12-28,2306
2018-12-29,1343
2018-12-30,1135
2018-12-31,1460
2019-01-01,1064
2019-01-02,2290
2019-01-03,2279
2019-01-04,3290
2019-01-05,2160
2019-01-06,1757
2019-01-07,3037
2019-01-08,3560
2019-01-09,3532
2019-01-10,3067
2019-01-11,2663
2019-01-12,1690
2019-01-13,1393
2019-01-14,3569
2019-01-15,3689
2019-01-16,3099
2019-01-17,3168
2019-01-18,2902
2019-01-19,558
2019-01-20,222
2019-01-21,842
2019-01-22,1655
2019-01-23,1425
2019-01-24,2428
2019-01-25,2401
2019-01-26,1205
2019-01-27,356
2019-01-28,580
2019-01-29,356
2019-01-30,573
2019-01-31,652
2019-02-01,943
2019-02-02,784
2019-02-03,1106
2019-02-04,2682
2019-02-05,3123
2019-02-06,615
2019-02-07,1482
2019-02-08,1790
2019-02-09,1024
2019-02-10,1008
2019-02-11,1965
2019-02-12,315
2019-02-13,572
2019-02-14,1467
2019-02-15,1689
2019-02-16,894
2019-02-17,657
2019-02-18,456
2019-02-19,1965
2019-02-20,2050
2019-02-21,2429
2019-02-22,2729
2019-02-23,1581
2019-02-24,936
2019-02-25,1849
2019-02-26,2340
2019-02-27,400
2019-02-28,1207
2019-03-01,1914
2019-03-02,708
2019-03-03,983
2019-03-04,1832
2019-03-05,1890
2019-03-06,1981
2019-03-07,2188
2019-03-08,2495
2019-03-09,1490
2019-03-10,920
2019-03-11,2682
2019-03-12,3323
2019-03-13,3307
2019-03-14,3208
2019-03-15,3522
2019-03-16,1813
2019-03-17,1849
2019-03-18,3762
2019-03-19,4010
2019-03-20,4836
2019-03-21,4439
2019-03-22,3425
2019-03-23,2565
2019-03-24,2765
2019-03-25,4189
2019-03-26,4477
2019-03-27,4987
2019-03-28,4364
2019-03-29,5605
2019-03-30,949
2019-03-31,1065
2019-04-01,4219
2019-04-02,5007
2019-04-03,4762
2019-04-04,5129
2019-04-05,4132
2019-04-06,5366
2019-04-07,4001
2019-04-08,5891
2019-04-09,5384
2019-04-10,5449
2019-04-11,4140
2019-04-12,5236
2019-04-13,6522
2019-04-14,1052
2019-04-15,4444
2019-04-16,5056
2019-04-17,6465
2019-04-18,6387
2019-04-19,1325
2019-04-20,1420
2019-04-21,4282
2019-04-22,6839
2019-04-23,6050
2019-04-24,6915
2019-04-25,7065
2019-04-26,3484
2019-04-27,3528
2019-04-28,5185
2019-04-29,4383
2019-04-30,6033
2019-05-01,2980
2019-05-02,5631
2019-05-03,4425
2019-05-04,4589
2019-05-05,8679
2019-05-06,7565
2019-05-07,7039
2019-05-08,7447
2019-05-09,4878
2019-05-10,6178
2019-05-11,6654
2019-05-12,2322
2019-05-13,2313
2019-05-14,6480
2019-05-15,7133
2019-05-16,7353
2019-05-17,8592
2019-05-18,6396
2019-05-19,8106
2019-05-20,6476
2019-05-21,9379
2019-05-22,7378
2019-05-23,8604
2019-05-24,9508
2019-05-25,4135
2019-05-26,11501
2019-05-27,10113
2019-05-28,5926
2019-05-29,8036
2019-05-30,9200
2019-05-31,9600
2019-06-01,7496
2019-06-02,8858
2019-06-03,8740
2019-06-04,8084
2019-06-05,4772
2019-06-06,10154
2019-06-07,11054
2019-06-08,12579
2019-06-09,10151
2019-06-10,3936
2019-06-11,10717
2019-06-12,10617
2019-06-13,4702
2019-06-14,11303
2019-06-15,7410
2019-06-16,8862
2019-06-17,12195
2019-06-18,11552
2019-06-19,11657
2019-06-20,5856
2019-06-21,11716
2019-06-22,12507
2019-06-23,11390
2019-06-24,10238
2019-06-25,11552
2019-06-26,10936
2019-06-27,11672
2019-06-28,9087
2019-06-29,10316
2019-06-30,11809
2019-07-01,13412
2019-07-02,10421
2019-07-03,12331
2019-07-04,12750
2019-07-05,12401
2019-07-06,9878
2019-07-07,12293
2019-07-08,12007
2019-07-09,13035
2019-07-10,13709
2019-07-11,12429
2019-07-12,13318
2019-07-13,11396
2019-07-14,13627
2019-07-15,12410
2019-07-16,11933
2019-07-17,8365
2019-07-18,13515
2019-07-19,11709
2019-07-20,10289
2019-07-21,12441
2019-07-22,11168
2019-07-23,13696
2019-07-24,14297
2019-07-25,13279
2019-07-26,14214
2019-07-27,13135
2019-07-28,11925
2019-07-29,12703
2019-07-30,9982
2019-07-31,14168
2019-08-01,14225
2019-08-02,13208
2019-08-03,12474
2019-08-04,13668
2019-08-05,12843
2019-08-06,10284
2019-08-07,17578
2019-08-08,12916
2019-08-09,13647
2019-08-10,13775
2019-08-11,13580
2019-08-12,11473
2019-08-13,14330
2019-08-14,21243
2019-08-15,13216
2019-08-16,13953
2019-08-17,9032
2019-08-18,10409
2019-08-19,13127
2019-08-20,13321
2019-08-21,18142
2019-08-22,13943
2019-08-23,13090
2019-08-24,12799
2019-08-25,12190
2019-08-26,12825
2019-08-27,8156
2019-08-28,19027
2019-08-29,13702
2019-08-30,13003
2019-08-31,12216
2019-09-01,6608
2019-09-02,11621
2019-09-03,11551
2019-09-04,12218
2019-09-05,12644
2019-09-06,10302
2019-09-07,10565
2019-09-08,9425
2019-09-09,12030
2019-09-10,12630
2019-09-11,13183
2019-09-12,12400
2019-09-13,10842
2019-09-14,11407
2019-09-15,5325
2019-09-16,10622
2019-09-17,12694
2019-09-18,12839
2019-09-19,12930
2019-09-20,12931
2019-09-21,12485
2019-09-22,10375
2019-09-23,11204
2019-09-24,12640
2019-09-25,12351
2019-09-26,10397
2019-09-27,11881
2019-09-28,6538
2019-09-29,7545
2019-09-30,10539
2019-10-01,8951
2019-10-02,7548
2019-10-03,6330
2019-10-04,9642
2019-10-05,7685
2019-10-06,7039
2019-10-07,10434
2019-10-08,11050
2019-10-09,10697
2019-10-10,10698
2019-10-11,10349
2019-10-12,6347
2019-10-13,6444
2019-10-14,5315
2019-10-15,9869
2019-10-16,5794
2019-10-17,7795
2019-10-18,8926
2019-10-19,7515
2019-10-20,8672
2019-10-21,9292
2019-10-22,7007
2019-10-23,9422
2019-10-24,9286
2019-10-25,8838
2019-10-26,6234
2019-10-27,3761
2019-10-28,9365
2019-10-29,9555
2019-10-30,5233
2019-10-31,3564
2019-11-01,6359
2019-11-02,3730
2019-11-03,3957
2019-11-04,6667
2019-11-05,7458
2019-11-06,6581
2019-11-07,5557
2019-11-08,5821
2019-11-09,3371
2019-11-10,3400
2019-11-11,2102
2019-11-12,1716
2019-11-13,2328
2019-11-14,3060
2019-11-15,4122
2019-11-16,2341
2019-11-17,2866
2019-11-18,3931
2019-11-19,5518
2019-11-20,6442
2019-11-21,5152
2019-11-22,5521
2019-11-23,3769
2019-11-24,3350
2019-11-25,6138
2019-11-26,7134
2019-11-27,4585
2019-11-28,5893
2019-11-29,5392
2019-11-30,3109
2019-12-01,517
2019-12-02,1351
2019-12-03,2709
2019-12-04,3734
2019-12-05,3973
2019-12-06,2276
2019-12-07,2028
2019-12-08,2124
2019-12-09,3771
2019-12-10,4579
2019-12-11,4008
2019-12-12,4115
2019-12-13,5003
2019-12-14,1108
2019-12-15,2043
2019-12-16,4605
2019-12-17,4475
2019-12-18,2844
2019-12-19,1990
2019-12-20,2769
2019-12-21,2136
2019-12-22,1979
2019-12-23,3377
2019-12-24,2225
2019-12-25,821
2019-12-26,1278
2019-12-27,2588
2019-12-28,2503
2019-12-29,1027
2019-12-30,2496
2019-12-31,1937
2020-01-01,1358
2020-01-02,3767
2020-01-03,4391
2020-01-04,2396
2020-01-05,1979
2020-01-06,3675
2020-01-07,4550
2020-01-08,3458
2020-01-09,3548
2020-01-10,4373
2020-01-11,825
2020-01-12,1752
2020-01-13,4123
2020-01-14,4810
2020-01-15,5499
2020-01-16,4751
2020-01-17,3358
2020-01-18,544
2020-01-19,722
2020-01-20,2039
2020-01-21,2735
2020-01-22,3381
2020-01-23,4020
2020-01-24,3406
2020-01-25,1715
2020-01-26,1903
2020-01-27,4615
2020-01-28,4758
2020-01-29,4444
2020-01-30,4598
2020-01-31,4655
2020-02-01,2468
2020-02-02,1108
2020-02-03,5137
2020-02-04,5242
2020-02-05,4734
2020-02-06,2069
2020-02-07,1823
2020-02-08,1560
2020-02-09,1590
2020-02-10,3780
2020-02-11,4765
2020-02-12,4919
2020-02-13,3065
2020-02-14,2546
2020-02-15,1904
2020-02-16,2497
2020-02-17,2148
2020-02-18,3099
2020-02-19,4206
2020-02-20,4120
2020-02-21,4139
2020-02-22,3565
2020-02-23,4160
2020-02-24,6176
2020-02-25,5403
2020-02-26,2891
2020-02-27,1687
2020-02-28,2577
2020-02-29,1805
2020-03-01,2477
2020-03-02,4094
2020-03-03,4016
2020-03-04,5551
2020-03-05,5908
2020-03-06,4639
2020-03-07,3770
2020-03-08,5407
2020-03-09,7152
2020-03-10,4744
2020-03-11,5529
2020-03-12,5467
2020-03-13,4545
2020-03-14,3442
2020-03-15,3454
2020-03-16,3400
2020-03-17,2744
2020-03-18,2369
2020-03-19,2633
2020-03-20,2300
2020-03-21,2655
2020-03-22,2014
2020-03-23,882
2020-03-24,2101
2020-03-25,2214
2020-03-26,2153
2020-03-27,2817
2020-03-28,1398
2020-03-29,2606
2020-03-30,1134
2020-03-31,1431
2020-04-01,2665
2020-04-02,2723
2020-04-03,2039
2020-04-04,2734
2020-04-05,3920
2020-04-06,2481
2020-04-07,2002
2020-04-08,2888
2020-04-09,1959
2020-04-10,1854
2020-04-11,3032
2020-04-12,2313
2020-04-13,1091
2020-04-14,1704
2020-04-15,1639
2020-04-16,1593
2020-04-17,1797
2020-04-18,3963
2020-04-19,1988
2020-04-20,2200
2020-04-21,1197
2020-04-22,2169
2020-04-23,1792
2020-04-24,2385
2020-04-25,6509
2020-04-26,1421
2020-04-27,3641
2020-04-28,2553
2020-04-29,1730
2020-04-30,1797
2020-05-01,4018
2020-05-02,4238
2020-05-03,13339
2020-05-04,2914
2020-05-05,2995
2020-05-06,4103
2020-05-07,2764
2020-05-08,2334
2020-05-09,1855
2020-05-10,2413
2020-05-11,1840
2020-05-12,2570
2020-05-13,4585
2020-05-14,1932
2020-05-15,2764
2020-05-16,13742
2020-05-17,6125
2020-05-18,1416
2020-05-19,3483
2020-05-20,7223
2020-05-21,7445
2020-05-22,8884
2020-05-23,20910
2020-05-24,14320
2020-05-25,8533
2020-05-26,8744
2020-05-27,8809
2020-05-28,3417
2020-05-29,4299
2020-05-30,12040
2020-05-31,12170
2020-06-01,8168
2020-06-02,6534
2020-06-03,7436
2020-06-04,9358
2020-06-05,7634
2020-06-06,18287
2020-06-07,18381
2020-06-08,9482
2020-06-09,10895
2020-06-10,8258
2020-06-11,9442
2020-06-12,10387
2020-06-13,19097
2020-06-14,17128
2020-06-15,9470
2020-06-16,10762
2020-06-17,11666
2020-06-18,11563
2020-06-19,13228
2020-06-20,20508
2020-06-21,16843
2020-06-22,9196
2020-06-23,7129
2020-06-24,10840
2020-06-25,11648
2020-06-26,13862
2020-06-27,17596
2020-06-28,20094
2020-06-29,12325
2020-06-30,13254
2020-07-01,21373
2020-07-02,12169
2020-07-03,13881
2020-07-04,19845
2020-07-05,18804
2020-07-06,12327
2020-07-07,12854
2020-07-08,11693
2020-07-09,13065
2020-07-10,13547
2020-07-11,9335
2020-07-12,19443
2020-07-13,12482
2020-07-14,14202
2020-07-15,15076
2020-07-16,8637
2020-07-17,16443
2020-07-18,22857
2020-07-19,12740
2020-07-20,13777
2020-07-21,14567
2020-07-22,8609
2020-07-23,14793
2020-07-24,16401
2020-07-25,22538
2020-07-26,18638
2020-07-27,10807
2020-07-28,13983
2020-07-29,13541
2020-07-30,14891
2020-07-31,15566
2020-08-01,21078
2020-08-02,7908
2020-08-03,12575
2020-08-04,8151
2020-08-05,15149
2020-08-06,15073
2020-08-07,16451
2020-08-08,23442
2020-08-09,19074
2020-08-10,13051
2020-08-11,13347
2020-08-12,15357
2020-08-13,15571
2020-08-14,16894
2020-08-15,23206
2020-08-16,14512
2020-08-17,10379
2020-08-18,14353
2020-08-19,16000
2020-08-20,16476
2020-08-21,16455
2020-08-22,22863
2020-08-23,19888
2020-08-24,14309
2020-08-25,15768
2020-08-26,12301
2020-08-27,14333
2020-08-28,16632
2020-08-29,18015
2020-08-30,21406
2020-08-31,14451
2020-09-01,14475
2020-09-02,15168
2020-09-03,15212
2020-09-04,16354
2020-09-05,19757
2020-09-06,23554
2020-09-07,11797
2020-09-08,11045
2020-09-09,13798
2020-09-10,13298
2020-09-11,14103
2020-09-12,19619
2020-09-13,15077
2020-09-14,11848
2020-09-15,11881
2020-09-16,17693
2020-09-17,12683
2020-09-18,12266
2020-09-19,15859
2020-09-20,15423
2020-09-21,11012
2020-09-22,11877
2020-09-23,18411
2020-09-24,11872
2020-09-25,14588
2020-09-26,20889
2020-09-27,18502
2020-09-28,11985
2020-09-29,10718
2020-09-30,9898
2020-10-01,11177
2020-10-02,10159
2020-10-03,13316
2020-10-04,5773
2020-10-05,10146
2020-10-06,10270
2020-10-07,8647
2020-10-08,8666
2020-10-09,11814
2020-10-10,13476
2020-10-11,9130
2020-10-12,8199
2020-10-13,10293
2020-10-14,10210
2020-10-15,4469
2020-10-16,9954
2020-10-17,13847
2020-10-18,8703
2020-10-19,4700
2020-10-20,8161
2020-10-21,7916
2020-10-22,7669
2020-10-23,12120
2020-10-24,10227
2020-10-25,7068
2020-10-26,6001
2020-10-27,5036
2020-10-28,8595
2020-10-29,6851
2020-10-30,6629
2020-10-31,8368
2020-11-01,3797
2020-11-02,4571
2020-11-03,5998
2020-11-04,8710
2020-11-05,8732
2020-11-06,10569
2020-11-07,16703
2020-11-08,15071
2020-11-09,8978
2020-11-10,11258
2020-11-11,9656
2020-11-12,7098
2020-11-13,6851
2020-11-14,8020
2020-11-15,2697
2020-11-16,4811
2020-11-17,5067
2020-11-18,5113
2020-11-19,6866
2020-11-20,9384
2020-11-21,6679
2020-11-22,1439
2020-11-23,3276
2020-11-24,3832
2020-11-25,3467
2020-11-26,5000
2020-11-27,5552
2020-11-28,6267
2020-11-29,5999
2020-11-30,1795
2020-12-01,1961
2020-12-02,3871
2020-12-03,4435
2020-12-04,3252
2020-12-05,4060
2020-12-06,3691
2020-12-07,3218
2020-12-08,3761
2020-12-09,2676
2020-12-10,4312
2020-12-11,5125
2020-12-12,2358
2020-12-13,3562
2020-12-14,3514
2020-12-15,3351
2020-12-16,2506
2020-12-17,3061
2020-12-18,3790
2020-12-19,2939
2020-12-20,2972
2020-12-21,3789
2020-12-22,3737
2020-12-23,4198
2020-12-24,2147
2020-12-25,666
2020-12-26,994
2020-12-27,1613
2020-12-28,2174
2020-12-29,2861
2020-12-30,1566
2020-12-31,3188
2021-01-01,1804
2021-01-02,1906
2021-01-03,1941
2021-01-04,3054
2021-01-05,2816
2021-01-06,3172
2021-01-07,3565
2021-01-08,3465
2021-01-09,4152
2021-01-10,2942
2021-01-11,2956
2021-01-12,2762
2021-01-13,3514
2021-01-14,3488
2021-01-15,3074
2021-01-16,4651
2021-01-17,3552
2021-01-18,3075
2021-01-19,2983
2021-01-20,2674
2021-01-21,3306
2021-01-22,3050
2021-01-23,2586
2021-01-24,2460
2021-01-25,3229
2021-01-26,1046
2021-01-27,1552
2021-01-28,1687
2021-01-29,2081
2021-01-30,2390
2021-01-31,1438
2021-02-01,2055
2021-02-02,2299
2021-02-03,2723
2021-02-04,3180
2021-02-05,2132
2021-02-06,1943
2021-02-07,1573
2021-02-08,1917
2021-02-09,2134
2021-02-10,2295
2021-02-11,2299
2021-02-12,1678
2021-02-13,1376
2021-02-14,2067
2021-02-15,1489
2021-02-16,708
2021-02-17,1584
2021-02-18,1277
2021-02-19,1141
2021-02-20,1745
2021-02-21,1998
2021-02-22,1265
2021-02-23,2212
2021-02-24,2872
2021-02-25,2946
2021-02-26,3490
2021-02-27,3934
2021-02-28,2547
2021-03-01,2138
2021-03-02,2539
2021-03-03,4016
2021-03-04,2895
2021-03-05,2977
2021-03-06,2900
2021-03-07,3671
2021-03-08,3499
2021-03-09,5327
2021-03-10,5745
2021-03-11,4821
2021-03-12,4544
2021-03-13,5885
2021-03-14,3039
2021-03-15,3262
2021-03-16,3405
2021-03-17,5206
2021-03-18,3861
2021-03-19,4640
2021-03-20,11142
2021-03-21,9782
2021-03-22,6674
2021-03-23,7143
2021-03-24,5954
2021-03-25,8895
2021-03-26,4407
2021-03-27,6988
2021-03-28,2874
2021-03-29,4987
2021-03-30,8946
2021-03-31,5235
2021-04-01,4211
2021-04-02,5177
2021-04-03,5435
2021-04-04,13411
2021-04-05,7021
2021-04-06,6658
2021-04-07,8714
2021-04-08,10053
2021-04-09,8125
2021-04-10,19924
2021-04-11,4823
2021-04-12,3057
2021-04-13,7373
2021-04-14,8994
2021-04-15,5228
2021-04-16,5506
2021-04-17,9995
2021-04-18,10541
2021-04-19,2589
2021-04-20,4628
2021-04-21,3189
2021-04-22,4325
2021-04-23,11292
2021-04-24,17964
2021-04-25,9369
2021-04-26,5886
2021-04-27,6248
2021-04-28,6203
2021-04-29,3133
2021-04-30,5227
2021-05-01,12258
2021-05-02,9264
2021-05-03,4387
2021-05-04,5025
2021-05-05,6753
2021-05-06,9407
2021-05-07,7678
2021-05-08,14017
2021-05-09,11156
2021-05-10,6958
2021-05-11,6323
2021-05-12,11983
2021-05-13,12614
2021-05-14,13583
2021-05-15,24640
2021-05-16,27029
2021-05-17,12939
2021-05-18,14784
2021-05-19,14163
2021-05-20,14153
2021-05-21,18009
2021-05-22,20183
2021-05-23,24376
2021-05-24,26023
2021-05-25,12572
2021-05-26,9986
2021-05-27,12549
2021-05-28,3625
2021-05-29,20048
2021-05-30,24493
2021-05-31,13045
2021-06-01,13931
2021-06-02,13612
2021-06-03,10649
2021-06-04,15918
2021-06-05,27346
2021-06-06,24439
2021-06-07,13208
2021-06-08,9714
2021-06-09,15111
2021-06-10,15833
2021-06-11,15849
2021-06-12,25334
2021-06-13,19601
2021-06-14,9102
2021-06-15,14095
2021-06-16,14023
2021-06-17,14812
2021-06-18,10099
2021-06-19,20174
2021-06-20,19506
2021-06-21,10777
2021-06-22,12651
2021-06-23,14086
2021-06-24,14818
2021-06-25,8110
2021-06-26,14698
2021-06-27,20068
2021-06-28,13130
2021-06-29,7943
2021-06-30,14010
2021-07-01,18281
2021-07-02,11390
2021-07-03,20472
2021-07-04,18931
2021-07-05,12871
2021-07-06,13404
2021-07-07,13457
2021-07-08,7177
2021-07-09,11287
2021-07-10,23320
2021-07-11,11095
2021-07-12,13145
2021-07-13,11236
2021-07-14,20678
2021-07-15,12344
2021-07-16,14883
2021-07-17,11170
2021-07-18,18529
2021-07-19,13280
2021-07-20,11721
2021-07-21,22212
2021-07-22,15867
2021-07-23,16871
2021-07-24,11488
2021-07-25,18631
2021-07-26,13887
2021-07-27,10911
2021-07-28,22178
2021-07-29,11769
2021-07-30,16142
2021-07-31,15283
2021-08-01,13929
2021-08-02,19762
2021-08-03,14811
2021-08-04,16841
2021-08-05,16320
2021-08-06,16551
2021-08-07,15978
2021-08-08,17520
2021-08-09,13812
2021-08-10,12420
2021-08-11,14342
2021-08-12,14383
2021-08-13,15131
2021-08-14,21300
2021-08-15,19261
2021-08-16,13834
2021-08-17,14576
2021-08-18,14779
2021-08-19,16433
2021-08-20,16898
2021-08-21,19988
2021-08-22,17755
2021-08-23,14394
2021-08-24,15699
2021-08-25,15142
2021-08-26,13960
2021-08-27,17403
2021-08-28,17927
2021-08-29,15453
2021-08-30,14520
2021-08-31,15821
2021-09-01,16208
2021-09-02,16127
2021-09-03,16199
2021-09-04,20267
2021-09-05,18787
2021-09-06,16979
2021-09-07,11924
2021-09-08,15111
2021-09-09,14611
2021-09-10,15666
2021-09-11,18814
2021-09-12,13480
2021-09-13,14058
2021-09-14,14442
2021-09-15,15282
2021-09-16,16260
2021-09-17,17005
2021-09-18,20555
2021-09-19,18089
2021-09-20,14965
2021-09-21,11853
2021-09-22,4952
2021-09-23,12145
2021-09-24,14479
2021-09-25,12768
2021-09-26,15932
2021-09-27,13227
2021-09-28,14666
2021-09-29,14937
2021-09-30,15000
2021-10-01,15832
2021-10-02,19347
2021-10-03,7472
2021-10-04,9184
2021-10-05,13451
2021-10-06,14380
2021-10-07,14271
2021-10-08,14291
2021-10-09,8694
2021-10-10,13607
2021-10-11,14973
2021-10-12,14669
2021-10-13,15127
2021-10-14,14972
2021-10-15,10470
2021-10-16,10346
2021-10-17,11783
2021-10-18,11467
2021-10-19,14159
2021-10-20,12972
2021-10-21,10253
2021-10-22,11827
2021-10-23,11567
2021-10-24,11784
2021-10-25,4514
2021-10-26,5962
2021-10-27,13682
2021-10-28,11327
2021-10-29,8714
2021-10-30,5796
2021-10-31,10255
2021-11-01,9551
2021-11-02,9474
2021-11-03,9539
2021-11-04,9615
2021-11-05,10249
2021-11-06,10546
2021-11-07,11672
2021-11-08,10520
2021-11-09,8154
2021-11-10,10749
2021-11-11,10377
2021-11-12,10254
2021-11-13,8691
2021-11-14,3883
2021-11-15,7703
2021-11-16,8716
2021-11-17,8059
2021-11-18,8735
2021-11-19,8994
2021-11-20,7901
2021-11-21,5886
2021-11-22,7030
2021-11-23,7862
2021-11-24,8318
2021-11-25,6284
2021-11-26,6943
2021-11-27,6306
2021-11-28,1759
2021-11-29,4151
2021-11-30,5007
2021-12-01,7068
2021-12-02,6887
2021-12-03,7212
2021-12-04,5869
2021-12-05,4131
2021-12-06,4907
2021-12-07,5771
2021-12-08,3825
2021-12-09,4908
2021-12-10,6683
2021-12-11,5674
2021-12-12,5556
2021-12-13,6691
2021-12-14,6718
2021-12-15,5815
2021-12-16,6882
2021-12-17,6984
2021-12-18,1874
2021-12-19,2568
2021-12-20,3984
2021-12-21,4706
2021-12-22,3633
2021-12-23,3723
2021-12-24,2740
2021-12-25,1647
2021-12-26,2656
2021-12-27,1265
2021-12-28,3054
2021-12-29,3521
2021-12-30,4065
2021-12-31,4832
2022-01-01,2851
2022-01-02,1135
2022-01-03,2157
2022-01-04,3371
2022-01-05,2870
2022-01-06,3111
2022-01-07,2935
2022-01-08,2875
2022-01-09,2694
2022-01-10,2201
2022-01-11,1780
2022-01-12,3509
2022-01-13,3665
2022-01-14,2865
2022-01-15,1627
2022-01-16,2389
2022-01-17,194
2022-01-18,446
2022-01-19,981
2022-01-20,869
2022-01-21,1110
2022-01-22,1047
2022-01-23,870
2022-01-24,696
2022-01-25,925
2022-01-26,930
2022-01-27,1065
2022-01-28,1235
2022-01-29,1090
2022-01-30,1185
2022-01-31,2087
2022-02-01,2673
2022-02-02,1681
2022-02-03,1121
2022-02-04,1223
2022-02-05,1537
2022-02-06,1856
2022-02-07,2855
2022-02-08,3007
2022-02-09,3711
2022-02-10,3520
2022-02-11,2901
2022-02-12,2788
2022-02-13,2069
2022-02-14,2564
2022-02-15,3294
2022-02-16,4194
2022-02-17,1471
2022-02-18,1134
2022-02-19,1107
2022-02-20,1743
2022-02-21,2731
2022-02-22,2582
2022-02-23,3165
2022-02-24,3106
2022-02-25,1575
2022-02-26,2351
2022-02-27,2030
2022-02-28,3021
2022-03-01,4224
2022-03-02,4517
2022-03-03,3844
2022-03-04,4645
2022-03-05,4008
2022-03-06,6289
2022-03-07,2760
2022-03-08,4946
2022-03-09,5616
2022-03-10,5616
2022-03-11,3061
2022-03-12,2453
2022-03-13,2075
2022-03-14,4832
2022-03-15,2768
2022-03-16,4942
2022-03-17,8583
2022-03-18,7849
2022-03-19,3826
2022-03-20,7298
2022-03-21,7504
2022-03-22,6632
2022-03-23,3182
2022-03-24,6939
2022-03-25,6473
2022-03-26,4763
2022-03-27,2638
2022-03-28,3481
2022-03-29,5207
2022-03-30,4086
2022-03-31,6881
2022-04-01,4546
2022-04-02,7228
2022-04-03,5146
2022-04-04,6542
2022-04-05,6998
2022-04-06,6630
2022-04-07,7365
2022-04-08,7405
2022-04-09,6906
2022-04-10,7568
2022-04-11,6833
2022-04-12,11013
2022-04-13,7675
2022-04-14,9639
2022-04-15,7356
2022-04-16,8149
2022-04-17,7822
2022-04-18,4080
2022-04-19,5301
2022-04-20,8998
2022-04-21,7272
2022-04-22,11696
2022-04-23,8161
2022-04-24,13900
2022-04-25,6808
2022-04-26,8911
2022-04-27,7517
2022-04-28,10490
2022-04-29,11657
2022-04-30,16308
2022-05-01,6343
2022-05-02,9156
2022-05-03,6540
2022-05-04,13119
2022-05-05,13284
2022-05-06,12702
2022-05-07,17256
2022-05-08,16132
2022-05-09,13669
2022-05-10,15095
2022-05-11,19589
2022-05-12,17669
2022-05-13,18300
2022-05-14,26700
2022-05-15,22687
2022-05-16,11223
2022-05-17,14179
2022-05-18,16484
2022-05-19,14689
2022-05-20,16771
2022-05-21,16937
2022-05-22,14164
2022-05-23,21755
2022-05-24,16122
2022-05-25,17622
2022-05-26,16562
2022-05-27,13599
2022-05-28,24315
2022-05-29,24843
2022-05-30,18318
2022-05-31,19102
2022-06-01,15183
2022-06-02,18483
2022-06-03,20523
2022-06-04,27296
2022-06-05,23716
2022-06-06,11042
2022-06-07,10263
2022-06-08,18654
2022-06-09,16744
2022-06-10,21602
2022-06-11,23661
2022-06-12,18531
2022-06-13,18575
2022-06-14,20784
2022-06-15,19912
2022-06-16,19565
2022-06-17,20782
2022-06-18,23950
2022-06-19,21916
2022-06-20,17508
2022-06-21,21553
2022-06-22,21411
2022-06-23,22549
2022-06-24,23034
2022-06-25,27742
2022-06-26,20514
2022-06-27,17940
2022-06-28,21072
2022-06-29,19265
2022-06-30,21875
2022-07-01,22717
2022-07-02,26831
2022-07-03,24831
2022-07-04,19844
2022-07-05,15225
2022-07-06,22061
2022-07-07,19752
2022-07-08,3811
2022-07-09,27714
2022-07-10,26073
2022-07-11,19197
2022-07-12,20980
2022-07-13,20304
2022-07-14,23879
2022-07-15,23628
2022-07-16,28502
2022-07-17,25172
2022-07-18,15617
2022-07-19,20652
2022-07-20,20435
2022-07-21,22196
2022-07-22,22888
2022-07-23,26680
2022-07-24,17463
2022-07-25,20100
2022-07-26,22151
2022-07-27,23078
2022-07-28,21878
2022-07-29,23264
2022-07-30,27918
2022-07-31,25467
2022-08-01,20989
2022-08-02,22412
2022-08-03,21216
2022-08-04,18303
2022-08-05,23982
2022-08-06,26163
2022-08-07,23198
2022-08-08,16574
2022-08-09,22557
2022-08-10,24332
2022-08-11,23987
2022-08-12,23842
2022-08-13,28756
2022-08-14,25554
2022-08-15,21935
2022-08-16,23605
2022-08-17,23252
2022-08-18,23137
2022-08-19,23236
2022-08-20,28118
2022-08-21,19755
2022-08-22,12801
2022-08-23,22909
2022-08-24,23408
2022-08-25,20526
2022-08-26,23353
2022-08-27,28151
2022-08-28,25403
2022-08-29,20968
2022-08-30,18270
2022-08-31,24458
2022-09-01,23451
2022-09-02,23124
2022-09-03,23960
2022-09-04,19896
2022-09-05,19806
2022-09-06,21910
2022-09-07,21324
2022-09-08,23355
2022-09-09,24255
2022-09-10,26963
2022-09-11,22362
2022-09-12,16449
2022-09-13,21423
2022-09-14,22481
2022-09-15,21094
2022-09-16,20115
2022-09-17,22642
2022-09-18,16130
2022-09-19,18566
2022-09-20,21653
2022-09-21,21001
2022-09-22,19124
2022-09-23,18488
2022-09-24,20318
2022-09-25,8856
2022-09-26,12827
2022-09-27,13408
2022-09-28,17889
2022-09-29,19289
2022-09-30,20658
2022-10-01,21435
2022-10-02,18381
2022-10-03,16721
2022-10-04,18580
2022-10-05,20577
2022-10-06,19213
2022-10-07,15919
2022-10-08,13255
2022-10-09,13082
2022-10-10,13689
2022-10-11,19253
2022-10-12,18696
2022-10-13,14675
2022-10-14,16979
2022-10-15,15177
2022-10-16,17840
2022-10-17,13414
2022-10-18,12413
2022-10-19,13065
2022-10-20,13344
2022-10-21,16157
2022-10-22,20531
2022-10-23,18808
2022-10-24,16671
2022-10-25,17351
2022-10-26,11315
2022-10-27,16454
2022-10-28,15655
2022-10-29,16770
2022-10-30,14224
2022-10-31,10107
2022-11-01,15591
2022-11-02,15486
2022-11-03,14335
2022-11-04,15994
2022-11-05,19384
2022-11-06,16002
2022-11-07,13104
2022-11-08,13783
2022-11-09,13810
2022-11-10,16090
2022-11-11,8942
2022-11-12,10866
2022-11-13,8478
2022-11-14,10669
2022-11-15,6887
2022-11-16,4202
2022-11-17,7075
2022-11-18,7526
2022-11-19,5935
2022-11-20,4485
2022-11-21,7372
2022-11-22,9943
2022-11-23,10995
2022-11-24,10803
2022-11-25,10471
2022-11-26,10529
2022-11-27,5357
2022-11-28,9422
2022-11-29,10618
2022-11-30,6075
2022-12-01,8150
2022-12-02,8649
2022-12-03,5899
2022-12-04,6606
2022-12-05,8461
2022-12-06,9621
2022-12-07,10335
2022-12-08,9946
2022-12-09,8218
2022-12-10,6258
2022-12-11,2483
2022-12-12,5647
2022-12-13,7054
2022-12-14,6304
2022-12-15,2637
2022-12-16,6869
2022-12-17,6245
2022-12-18,5334
2022-12-19,6313
2022-12-20,7633
2022-12-21,7495
2022-12-22,6821
2022-12-23,764
2022-12-24,853
2022-12-25,917
2022-12-26,1887
2022-12-27,3021
2022-12-28,4737
2022-12-29,6096
2022-12-30,5676
2022-12-31,3081
2023-01-01,3875
2023-01-02,5705
2023-01-03,5484
2023-01-04,3566
2023-01-05,6458
2023-01-06,7343
2023-01-07,6444
2023-01-08,5246
2023-01-09,7084
2023-01-10,8152
2023-01-11,7590
2023-01-12,6392
2023-01-13,3333
2023-01-14,3992
2023-01-15,4724
2023-01-16,6771
2023-01-17,6215
2023-01-18,8762
2023-01-19,5726
2023-01-20,7859
2023-01-21,7102
2023-01-22,4072
2023-01-23,6808
2023-01-24,8250
2023-01-25,3456
2023-01-26,3905
2023-01-27,5395
2023-01-28,5241
2023-01-29,3167
2023-01-30,5788
2023-01-31,6230
2023-02-01,5910
2023-02-02,6264
2023-02-03,3151
2023-02-04,2597
2023-02-05,5361
2023-02-06,6789
2023-02-07,8359
2023-02-08,9330
2023-02-09,3682
2023-02-10,8156
2023-02-11,7193
2023-02-12,8618
2023-02-13,8509
2023-02-14,10215
2023-02-15,10009
2023-02-16,7751
2023-02-17,5798
2023-02-18,6660
2023-02-19,8013
2023-02-20,7843
2023-02-21,7736
2023-02-22,4070
2023-02-23,1316
2023-02-24,3122
2023-02-25,2655
2023-02-26,4634
2023-02-27,3732
2023-02-28,5303
2023-03-01,6889
2023-03-02,7966
2023-03-03,5751
2023-03-04,2999
2023-03-05,5456
2023-03-06,6818
2023-03-07,7392
2023-03-08,8017
2023-03-09,8466
2023-03-10,3228
2023-03-11,4919
2023-03-12,4660
2023-03-13,5086
2023-03-14,6461
2023-03-15,8143
2023-03-16,9185
2023-03-17,6419
2023-03-18,5965
2023-03-19,4751
2023-03-20,8365
2023-03-21,10724
2023-03-22,9805
2023-03-23,8286
2023-03-24,10096
2023-03-25,3711
2023-03-26,11397
2023-03-27,7699
2023-03-28,11312
2023-03-29,8895
2023-03-30,9955
2023-03-31,5729
2023-04-01,9753
2023-04-02,9044
2023-04-03,11076
2023-04-04,10880
2023-04-05,5723
2023-04-06,12561
2023-04-07,10193
2023-04-08,9763
2023-04-09,10439
2023-04-10,12968
2023-04-11,15681
2023-04-12,19015
2023-04-13,19498
2023-04-14,19761
2023-04-15,22496
2023-04-16,18474
2023-04-17,9393
2023-04-18,10488
2023-04-19,12972
2023-04-20,13800
2023-04-21,15028
2023-04-22,8825
2023-04-23,12088
2023-04-24,10915
2023-04-25,14665
2023-04-26,14880
2023-04-27,17328
2023-04-28,10535
2023-04-29,6311
2023-04-30,5793
2023-05-01,11663
2023-05-02,9702
2023-05-03,8487
2023-05-04,15544
2023-05-05,17126
2023-05-06,22308
2023-05-07,9549
2023-05-08,17689
2023-05-09,18163
2023-05-10,20334
2023-05-11,21754
2023-05-12,22371
2023-05-13,25373
2023-05-14,19256
2023-05-15,19449
2023-05-16,20194
2023-05-17,18103
2023-05-18,18546
2023-05-19,17809
2023-05-20,11232
2023-05-21,22474
2023-05-22,19369
2023-05-23,20574
2023-05-24,19416
2023-05-25,20206
2023-05-26,21698
2023-05-27,25907
2023-05-28,24664
2023-05-29,21779
2023-05-30,23803
2023-05-31,24675
2023-06-01,24139
2023-06-02,21591
2023-06-03,25335
2023-06-04,23150
2023-06-05,21095
2023-06-06,23357
2023-06-07,21939
2023-06-08,18374
2023-06-09,19353
2023-06-10,27482
2023-06-11,17545
2023-06-12,8585
2023-06-13,18706
2023-06-14,21083
2023-06-15,21030
2023-06-16,22711
2023-06-17,28441
2023-06-18,23802
2023-06-19,22443
2023-06-20,25470
2023-06-21,26358
2023-06-22,25718
2023-06-23,18785
2023-06-24,22691
2023-06-25,26431
2023-06-26,19463
2023-06-27,18520
2023-06-28,22772
2023-06-29,25779
2023-06-30,21543
2023-07-01,23046
2023-07-02,14933
2023-07-03,22067
2023-07-04,24986
2023-07-05,24558
2023-07-06,21942
2023-07-07,25438
2023-07-08,24194
2023-07-09,23907
2023-07-10,24005
2023-07-11,21251
2023-07-12,26160
2023-07-13,24085
2023-07-14,27068
2023-07-15,19854
2023-07-16,23595
2023-07-17,22525
2023-07-18,25958
2023-07-19,27756
2023-07-20,23026
2023-07-21,25912
2023-07-22,27063
2023-07-23,20771
2023-07-24,21345
2023-07-25,25741
2023-07-26,24026
2023-07-27,25326
2023-07-28,25817
2023-07-29,18660
2023-07-30,26491
2023-07-31,24418
2023-08-01,26918
2023-08-02,27503
2023-08-03,25441
2023-08-04,25038
2023-08-05,27960
2023-08-06,20872
2023-08-07,16289
2023-08-08,24067
2023-08-09,26382
2023-08-10,25318
2023-08-11,27010
2023-08-12,23641
2023-08-13,25093
2023-08-14,23121
2023-08-15,22179
2023-08-16,26795
2023-08-17,25144
2023-08-18,22495
2023-08-19,27284
2023-08-20,24347
2023-08-21,23491
2023-08-22,26892
2023-08-23,19626
2023-08-24,23039
2023-08-25,25112
2023-08-26,23055
2023-08-27,25168
2023-08-28,24024
2023-08-29,26227
2023-08-30,24787
2023-08-31,25823
2023-09-01,24642
2023-09-02,23480
2023-09-03,25343
2023-09-04,22413
2023-09-05,24217
2023-09-06,25088
2023-09-07,25264
2023-09-08,25382
2023-09-09,24804
2023-09-10,24393
2023-09-11,25558
2023-09-12,22609
2023-09-13,26559
2023-09-14,26950
2023-09-15,25906
2023-09-16,28669
2023-09-17,24888
2023-09-18,22749
2023-09-19,26760
2023-09-20,26417
2023-09-21,26789
2023-09-22,26081
2023-09-23,26527
2023-09-24,23274
2023-09-25,23720
2023-09-26,25983
2023-09-27,25897
2023-09-28,24179
2023-09-29,25057
2023-09-30,24705
2023-10-01,22775
2023-10-02,23907
2023-10-03,26310
2023-10-04,27219
2023-10-05,23172
2023-10-06,22455
2023-10-07,18081
2023-10-08,9378
2023-10-09,10071
2023-10-10,17224
2023-10-11,21200
2023-10-12,22233
2023-10-13,21443
2023-10-14,18422
2023-10-15,17292
2023-10-16,17847
2023-10-17,22353
2023-10-18,22111
2023-10-19,22253
2023-10-20,15963
2023-10-21,17665
2023-10-22,14934
2023-10-23,18282
2023-10-24,22728
2023-10-25,20637
2023-10-26,18392
2023-10-27,22926
2023-10-28,20777
2023-10-29,12147
2023-10-30,13971
2023-10-31,16907
2023-11-01,16287
2023-11-02,16702
2023-11-03,16686
2023-11-04,15495
2023-11-05,13839
2023-11-06,11634
2023-11-07,15399
2023-11-08,9217
2023-11-09,14900
2023-11-10,14860
2023-11-11,12255
2023-11-12,11155
2023-11-13,14653
2023-11-14,15777
2023-11-15,16728
2023-11-16,17000
2023-11-17,12920
2023-11-18,13382
2023-11-19,10251
2023-11-20,11760
2023-11-21,8022
2023-11-22,13173
2023-11-23,14680
2023-11-24,12091
2023-11-25,10277
2023-11-26,8434
2023-11-27,10473
2023-11-28,11098
2023-11-29,10852
2023-11-30,13873
2023-12-01,7697
2023-12-02,8311
2023-12-03,6903
2023-12-04,10695
2023-12-05,11696
2023-12-06,12255
2023-12-07,11661
2023-12-08,12130
2023-12-09,10392
2023-12-10,9150
2023-12-11,10340
2023-12-12,11369
2023-12-13,11377
2023-12-14,11502
2023-12-15,12981
2023-12-16,9297
2023-12-17,4497
2023-12-18,7604
2023-12-19,8769
2023-12-20,10604
2023-12-21,8532
2023-12-22,7820
2023-12-23,3698
2023-12-24,4920
2023-12-25,3132
2023-12-26,3959
2023-12-27,3658
2023-12-28,5005
2023-12-29,5819
2023-12-30,6227
2023-12-31,5115
2024-01-01,3157
2024-01-02,6622
2024-01-03,7906
2024-01-04,7366
2024-01-05,7419
2024-01-06,5088
2024-01-07,2911
2024-01-08,7468
2024-01-09,4313
2024-01-10,8868
2024-01-11,7666
2024-01-12,7069
2024-01-13,4670
2024-01-14,4071
2024-01-15,5827
2024-01-16,4688
2024-01-17,5509
2024-01-18,7020
2024-01-19,6341
2024-01-20,4435
2024-01-21,5138
2024-01-22,6521
2024-01-23,5605
2024-01-24,6299
2024-01-25,9161
2024-01-26,8141
2024-01-27,7812
2024-01-28,6602
2024-01-29,9658
2024-01-30,10498
2024-01-31,11021
2024-02-01,10719
2024-02-02,10047
2024-02-03,8847
2024-02-04,7922
2024-02-05,9928
2024-02-06,11150
2024-02-07,11123
2024-02-08,11386
2024-02-09,12360
2024-02-10,10363
2024-02-11,7821
2024-02-12,10038
2024-02-13,10218
2024-02-14,9753
2024-02-15,5545
2024-02-16,5857
2024-02-17,5167
2024-02-18,4534
2024-02-19,4571
2024-02-20,9403
2024-02-21,11044
2024-02-22,11933
2024-02-23,10499
2024-02-24,6255
2024-02-25,6891
2024-02-26,11254
2024-02-27,9022
2024-02-28,9223
2024-02-29,8819
2024-03-01,11599
2024-03-02,8814
2024-03-03,8560
2024-03-04,12826
2024-03-05,12047
2024-03-06,11863
2024-03-07,13916
2024-03-08,12122
2024-03-09,6796
2024-03-10,5865
2024-03-11,10847
2024-03-12,14575
2024-03-13,18044
2024-03-14,8943
2024-03-15,12805
2024-03-16,9861
2024-03-17,7752
2024-03-18,9280
2024-03-19,8422
2024-03-20,9050
2024-03-21,9392
2024-03-22,4568
2024-03-23,4796
2024-03-24,6292
2024-03-25,10593
2024-03-26,10139
2024-03-27,12458
2024-03-28,13651
2024-03-29,8227
2024-03-30,9536
2024-03-31,8861
2024-04-01,11655
2024-04-02,9601
2024-04-03,3849
2024-04-04,8555
2024-04-05,11359
2024-04-06,14764
2024-04-07,15647
2024-04-08,13232
2024-04-09,17447
2024-04-10,19151
2024-04-11,6404
2024-04-12,8276
2024-04-13,11892
2024-04-14,15087
2024-04-15,16944
2024-04-16,19380
2024-04-17,7683
2024-04-18,15682
2024-04-19,15205
2024-04-20,11488
2024-04-21,11933
2024-04-22,16992
2024-04-23,15389
2024-04-24,16975
2024-04-25,16728
2024-04-26,17592
2024-04-27,10626
2024-04-28,12165
2024-04-29,14662
2024-04-30,17186
2024-05-01,19199
2024-05-02,22451
2024-05-03,13847
2024-05-04,22355
2024-05-05,15486
2024-05-06,20419
2024-05-07,22199
2024-05-08,21406
2024-05-09,20855
2024-05-10,20665
2024-05-11,15944
2024-05-12,18672
2024-05-13,18352
2024-05-14,22176
2024-05-15,23133
2024-05-16,24661
2024-05-17,20708
2024-05-18,25167
2024-05-19,25872
2024-05-20,25599
2024-05-21,25669
2024-05-22,25993
2024-05-23,27433
2024-05-24,26713
2024-05-25,18387
2024-05-26,27413
2024-05-27,16728
2024-05-28,18070
2024-05-29,26597
2024-05-30,26828
2024-05-31,26785
2024-06-01,28170
2024-06-02,15820
2024-06-03,23617
2024-06-04,28526
2024-06-05,26502
2024-06-06,28055
2024-06-07,20959
2024-06-08,23389
2024-06-09,18722
2024-06-10,22048
2024-06-11,26056
2024-06-12,28870
2024-06-13,28658
2024-06-14,28563
2024-06-15,30527
2024-06-16,25518
2024-06-17,26583
2024-06-18,25718
2024-06-19,31511
2024-06-20,24349
2024-06-21,25341
2024-06-22,23164
2024-06-23,24492
2024-06-24,28211
2024-06-25,29347
2024-06-26,24554
2024-06-27,30932
2024-06-28,26698
2024-06-29,17450
2024-06-30,23718
2024-07-01,29181
2024-07-02,27003
2024-07-03,28446
2024-07-04,30282
2024-07-05,25361
2024-07-06,29900
2024-07-07,29132
2024-07-08,28066
2024-07-09,30539
2024-07-10,17071
2024-07-11,29284
2024-07-12,23170
2024-07-13,33719
2024-07-14,26598
2024-07-15,20516
2024-07-16,26840
2024-07-17,32443
2024-07-18,33715
2024-07-19,32430
2024-07-20,33577
2024-07-21,29426
2024-07-22,28422
2024-07-23,33089
2024-07-24,28365
2024-07-25,29896
2024-07-26,32523
2024-07-27,33660
2024-07-28,30140
2024-07-29,29061
2024-07-30,30278
2024-07-31,31254
2024-08-01,31489
2024-08-02,27697
2024-08-03,30609
2024-08-04,27701
2024-08-05,18071
2024-08-06,24655
2024-08-07,33562
2024-08-08,31351
2024-08-09,26349
2024-08-10,31329
2024-08-11,25247
2024-08-12,28296
2024-08-13,32706
2024-08-14,33729
2024-08-15,34047
2024-08-16,27215
2024-08-17,23217
2024-08-18,23453
2024-08-19,26755
2024-08-20,31094
2024-08-21,31513
2024-08-22,33527
2024-08-23,31058
2024-08-24,31305
2024-08-25,30252
2024-08-26,29380
2024-08-27,32412
2024-08-28,28651
2024-08-29,31559
2024-08-30,29223
2024-08-31,27473
2024-09-01,29405
2024-09-02,27192
2024-09-03,29129
2024-09-04,31980
2024-09-05,33466
2024-09-06,25740
2024-09-07,24216
2024-09-08,24403
2024-09-09,26061
2024-09-10,33634
2024-09-11,33400
2024-09-12,33229
2024-09-13,31609
2024-09-14,31633
2024-09-15,28929
2024-09-16,30319
2024-09-17,34186
2024-09-18,34240
2024-09-19,35351
2024-09-20,33656
2024-09-21,29116
2024-09-22,27683
2024-09-23,23947
2024-09-24,22650
2024-09-25,31343
2024-09-26,34299
2024-09-27,32797
2024-09-28,27871
2024-09-29,28001
2024-09-30,30130
NA,249
